Species,Treatment,Heat.Treatment,Nutrient.Treatment,Date,tube.no,tube.rep,larvae.no,Area,Mean,Min,Max,Avg.initial,SEM.initial
Lobactis scutaria,Day 0,none,none,7/29/18,NA,1,1,0.028,166.281,28,241,47.42105263,0.024759545
Lobactis scutaria,Day 0,none,none,7/29/18,NA,1,3,0.02,255,255,255,,
Lobactis scutaria,Day 0,none,none,7/29/18,NA,1,4,0.024,255,255,255,,
Lobactis scutaria,Day 0,none,none,7/29/18,NA,1,5,0.046,255,255,255,,
Lobactis scutaria,Day 0,none,none,7/29/18,NA,1,6,0.02,255,255,255,,
Lobactis scutaria,Day 0,none,none,7/29/18,NA,1,7,0.022,255,255,255,,
Lobactis scutaria,Day 0,none,none,7/29/18,NA,1,8,0.028,255,255,255,,
Lobactis scutaria,Day 0,none,none,7/29/18,NA,1,9,0.046,255,255,255,,
Lobactis scutaria,Day 0,none,none,7/29/18,NA,1,10,0.032,186.872,37,255,,
Lobactis scutaria,Day 0,none,none,7/29/18,NA,1,11,0.017,216.147,45,255,,
Lobactis scutaria,Day 0,none,none,7/29/18,NA,2,1,0.068,255,255,255,,
Lobactis scutaria,Day 0,none,none,7/29/18,NA,2,2,0.076,255,255,255,,
Lobactis scutaria,Day 0,none,none,7/29/18,NA,2,4,0.064,178.261,40,228,,
Lobactis scutaria,Day 0,none,none,7/29/18,NA,2,5,0.073,255,255,255,,
Lobactis scutaria,Day 0,none,none,7/29/18,NA,2,6,0.039,169.513,39,230,,
Lobactis scutaria,Day 0,none,none,7/29/18,NA,2,7,0.087,255,255,255,,
Lobactis scutaria,Day 0,none,none,7/29/18,NA,2,8,0.074,255,255,255,,
Lobactis scutaria,Day 0,none,none,7/29/18,NA,2,9,0.091,255,255,255,,
Lobactis scutaria,Day 0,none,none,7/29/18,NA,2,10,0.046,255,255,255,,
Lobactis scutaria,AC,ambient,control,8/2/18,NA,1,1,0.022,188.984,68,255,,
Lobactis scutaria,AC,ambient,control,8/2/18,NA,1,2,0.017,178.239,69,235,,
Lobactis scutaria,AC,ambient,control,8/2/18,NA,1,3,0.028,188.107,53,238,,
Lobactis scutaria,AC,ambient,control,8/2/18,NA,1,4,0.015,197.55,53,244,,
Lobactis scutaria,AC,ambient,control,8/2/18,NA,1,5,0.023,225.725,81,255,,
Lobactis scutaria,AC,ambient,control,8/2/18,NA,1,6,0.024,210.636,53,255,,
Lobactis scutaria,AC,ambient,control,8/2/18,NA,1,7,0.023,211.076,53,252,,
Lobactis scutaria,AC,ambient,control,8/2/18,NA,1,8,0.017,192.744,53,244,,
Lobactis scutaria,AC,ambient,control,8/2/18,NA,1,9,0.015,194.29,53,250,,
Lobactis scutaria,AC,ambient,control,8/2/18,NA,2,2,0.018,255,255,255,,
Lobactis scutaria,AC,ambient,control,8/2/18,NA,2,3,0.017,217.6,67,255,,
Lobactis scutaria,AC,ambient,control,8/2/18,NA,2,4,0.018,243.101,133,255,,
Lobactis scutaria,AC,ambient,control,8/2/18,NA,2,5,0.019,255,255,255,,
Lobactis scutaria,AC,ambient,control,8/2/18,NA,2,7,0.026,216.314,113,255,,
Lobactis scutaria,AC,ambient,control,8/2/18,NA,2,8,0.025,218.725,95,246,,
Lobactis scutaria,AC,ambient,control,8/2/18,NA,2,10,0.023,255,255,255,,
Lobactis scutaria,AC,ambient,control,8/2/18,NA,2,11,0.014,255,255,255,,
Lobactis scutaria,AC,ambient,control,8/2/18,NA,2,12,0.013,255,255,255,,
Lobactis scutaria,AC,ambient,control,8/2/18,NA,3,3,0.01,171.532,79,214,,
Lobactis scutaria,AC,ambient,control,8/2/18,NA,3,4,0.022,255,255,255,,
Lobactis scutaria,AC,ambient,control,8/2/18,NA,3,7,0.01,255,255,255,,
Lobactis scutaria,AC,ambient,control,8/2/18,NA,3,8,0.023,255,255,255,,
Lobactis scutaria,AC,ambient,control,8/2/18,NA,3,9,0.023,255,255,255,,
Lobactis scutaria,AC,ambient,control,8/2/18,NA,3,15,0.016,255,255,255,,
Lobactis scutaria,AC,ambient,control,8/2/18,NA,3,16,0.024,255,255,255,,
Lobactis scutaria,AC,ambient,control,8/2/18,NA,4,1,0.023,168.973,61,208,,
Lobactis scutaria,AC,ambient,control,8/2/18,NA,4,2,0.019,177.049,76,208,,
Lobactis scutaria,AC,ambient,control,8/2/18,NA,4,3,0.014,148.641,67,191,,
Lobactis scutaria,AC,ambient,control,8/2/18,NA,4,5,0.017,142.958,70,185,,
Lobactis scutaria,AN,ambient,nitrate,8/2/18,NA,1,1,0.015,255,255,255,,
Lobactis scutaria,AN,ambient,nitrate,8/2/18,NA,1,2,0.02,255,255,255,,
Lobactis scutaria,AN,ambient,nitrate,8/2/18,NA,1,3,0.028,255,255,255,,
Lobactis scutaria,AN,ambient,nitrate,8/2/18,NA,1,4,0.012,143.517,83,191,,
Lobactis scutaria,AN,ambient,nitrate,8/2/18,NA,1,6,0.012,255,255,255,,
Lobactis scutaria,AN,ambient,nitrate,8/2/18,NA,1,7,0.018,255,255,255,,
Lobactis scutaria,AN,ambient,nitrate,8/2/18,NA,1,8,0.012,255,255,255,,
Lobactis scutaria,AN,ambient,nitrate,8/2/18,NA,2,1,0.025,188.994,111,252,,
Lobactis scutaria,AN,ambient,nitrate,8/2/18,NA,2,2,0.009,174.196,53,235,,
Lobactis scutaria,AN,ambient,nitrate,8/2/18,NA,2,3,0.021,198.436,53,231,,
Lobactis scutaria,AN,ambient,nitrate,8/2/18,NA,2,4,0.008,184.47,53,255,,
Lobactis scutaria,AN,ambient,nitrate,8/2/18,NA,2,5,0.012,184.865,53,255,,
Lobactis scutaria,AN,ambient,nitrate,8/2/18,NA,2,6,0.013,187.444,53,255,,
Lobactis scutaria,AN,ambient,nitrate,8/2/18,NA,2,7,0.016,191.736,53,228,,
Lobactis scutaria,AN,ambient,nitrate,8/2/18,NA,2,8,0.012,176.229,53,217,,
Lobactis scutaria,AN,ambient,nitrate,8/2/18,NA,3,1,0.019,255,255,255,,
Lobactis scutaria,AN,ambient,nitrate,8/2/18,NA,3,2,0.017,139.462,56,201,,
Lobactis scutaria,AN,ambient,nitrate,8/2/18,NA,3,3,0.019,255,255,255,,
Lobactis scutaria,AN,ambient,nitrate,8/2/18,NA,3,4,0.011,255,255,255,,
Lobactis scutaria,AN,ambient,nitrate,8/2/18,NA,3,5,0.017,255,255,255,,
Lobactis scutaria,AN,ambient,nitrate,8/2/18,NA,3,8,0.014,132.084,55,201,,
Lobactis scutaria,AN,ambient,nitrate,8/2/18,NA,3,9,0.023,193.399,65,255,,
Lobactis scutaria,AN,ambient,nitrate,8/2/18,NA,3,12,0.024,255,255,255,,
Lobactis scutaria,AP,ambient,phosphate,8/2/18,NA,1,1,0.023,131.096,38,182,,
Lobactis scutaria,AP,ambient,phosphate,8/2/18,NA,1,5,0.02,132.631,41,190,,
Lobactis scutaria,AP,ambient,phosphate,8/2/18,NA,1,7,0.016,255,255,255,,
Lobactis scutaria,AP,ambient,phosphate,8/2/18,NA,1,8,0.011,255,255,255,,
Lobactis scutaria,AP,ambient,phosphate,8/2/18,NA,1,9,0.015,255,255,255,,
Lobactis scutaria,AP,ambient,phosphate,8/2/18,NA,1,11,0.025,255,255,255,,
Lobactis scutaria,AP,ambient,phosphate,8/2/18,NA,1,12,0.021,121.161,42,163,,
Lobactis scutaria,AP,ambient,phosphate,8/2/18,NA,1,13,0.016,255,255,255,,
Lobactis scutaria,AP,ambient,phosphate,8/2/18,NA,2,1,0.021,255,255,255,,
Lobactis scutaria,AP,ambient,phosphate,8/2/18,NA,2,2,0.013,255,255,255,,
Lobactis scutaria,AP,ambient,phosphate,8/2/18,NA,2,3,0.01,98.558,24,164,,
Lobactis scutaria,AP,ambient,phosphate,8/2/18,NA,2,5,0.018,154.691,53,213,,
Lobactis scutaria,AP,ambient,phosphate,8/2/18,NA,2,6,0.018,255,255,255,,
Lobactis scutaria,AP,ambient,phosphate,8/2/18,NA,2,7,0.016,255,255,255,,
Lobactis scutaria,AP,ambient,phosphate,8/2/18,NA,2,8,0.012,255,255,255,,
Lobactis scutaria,AP,ambient,phosphate,8/2/18,NA,2,9,0.017,255,255,255,,
Lobactis scutaria,AP,ambient,phosphate,8/2/18,NA,3,1,0.011,115.936,25,164,,
Lobactis scutaria,AP,ambient,phosphate,8/2/18,NA,3,2,0.013,106.341,39,152,,
Lobactis scutaria,AP,ambient,phosphate,8/2/18,NA,3,3,0.012,142.964,35,210,,
Lobactis scutaria,AP,ambient,phosphate,8/2/18,NA,3,5,0.023,118.86,25,181,,
Lobactis scutaria,AP,ambient,phosphate,8/2/18,NA,3,6,0.01,255,255,255,,
Lobactis scutaria,AP,ambient,phosphate,8/2/18,NA,3,7,0.018,116.946,43,152,,
Lobactis scutaria,ANP,ambient,nitrate and phosphate,8/2/18,NA,1,1,0.013,255,255,255,,
Lobactis scutaria,ANP,ambient,nitrate and phosphate,8/2/18,NA,1,3,0.008,255,255,255,,
Lobactis scutaria,ANP,ambient,nitrate and phosphate,8/2/18,NA,1,4,0.023,255,255,255,,
Lobactis scutaria,ANP,ambient,nitrate and phosphate,8/2/18,NA,1,5,0.008,255,255,255,,
Lobactis scutaria,ANP,ambient,nitrate and phosphate,8/2/18,NA,1,6,0.02,176.143,61,242,,
Lobactis scutaria,ANP,ambient,nitrate and phosphate,8/2/18,NA,1,7,0.012,255,255,255,,
Lobactis scutaria,ANP,ambient,nitrate and phosphate,8/2/18,NA,1,8,0.014,147.637,52,217,,
Lobactis scutaria,ANP,ambient,nitrate and phosphate,8/2/18,NA,1,10,0.007,255,255,255,,
Lobactis scutaria,ANP,ambient,nitrate and phosphate,8/2/18,NA,2,2,0.019,255,255,255,,
Lobactis scutaria,ANP,ambient,nitrate and phosphate,8/2/18,NA,2,5,0.011,255,255,255,,
Lobactis scutaria,ANP,ambient,nitrate and phosphate,8/2/18,NA,2,6,0.013,255,255,255,,
Lobactis scutaria,ANP,ambient,nitrate and phosphate,8/2/18,NA,2,7,0.011,138.116,45,226,,
Lobactis scutaria,ANP,ambient,nitrate and phosphate,8/2/18,NA,2,8,0.011,255,255,255,,
Lobactis scutaria,ANP,ambient,nitrate and phosphate,8/2/18,NA,3,2,0.019,181.075,60,248,,
Lobactis scutaria,ANP,ambient,nitrate and phosphate,8/2/18,NA,3,4,0.022,107.494,54,142,,
Lobactis scutaria,ANP,ambient,nitrate and phosphate,8/2/18,NA,3,5,0.011,255,255,255,,
Lobactis scutaria,ANP,ambient,nitrate and phosphate,8/2/18,NA,3,6,0.019,255,255,255,,
Lobactis scutaria,ANP,ambient,nitrate and phosphate,8/2/18,NA,3,8,0.018,183.65,57,241,,
Lobactis scutaria,ANP,ambient,nitrate and phosphate,8/2/18,NA,3,9,0.021,255,255,255,,
Lobactis scutaria,ANP,ambient,nitrate and phosphate,8/2/18,NA,3,11,0.011,149.332,52,209,,
Lobactis scutaria,ANP,ambient,nitrate and phosphate,8/2/18,NA,3,12,0.017,255,255,255,,
Lobactis scutaria,ANP,ambient,nitrate and phosphate,8/2/18,NA,3,13,0.01,255,255,255,,
Lobactis scutaria,HC,heated,control,8/2/18,NA,6,2,0.022,172.38,70,216,,
Lobactis scutaria,HC,heated,control,8/2/18,NA,6,3,0.024,162.401,69,199,,
Lobactis scutaria,HC,heated,control,8/2/18,NA,6,4,0.012,255,255,255,,
Lobactis scutaria,HC,heated,control,8/2/18,NA,6,8,0.028,174.035,82,236,,
Lobactis scutaria,HC,heated,control,8/2/18,NA,6,11,0.022,172.301,92,232,,
Lobactis scutaria,HC,heated,control,8/2/18,NA,6,12,0.027,163.039,72,222,,
Lobactis scutaria,HC,heated,control,8/2/18,NA,6,15,0.03,169.197,94,217,,
Lobactis scutaria,HC,heated,control,8/2/18,NA,6,16,0.017,172.726,82,206,,
Lobactis scutaria,HC,heated,control,8/2/18,NA,7,1,0.021,202.199,126,252,,
Lobactis scutaria,HC,heated,control,8/2/18,NA,7,2,0.015,176.421,89,252,,
Lobactis scutaria,HC,heated,control,8/2/18,NA,7,3,0.014,178.178,94,251,,
Lobactis scutaria,HC,heated,control,8/2/18,NA,7,4,0.012,176.255,82,255,,
Lobactis scutaria,HC,heated,control,8/2/18,NA,7,6,0.024,184.41,90,253,,
Lobactis scutaria,HC,heated,control,8/2/18,NA,7,7,0.016,189.068,96,225,,
Lobactis scutaria,HC,heated,control,8/2/18,NA,7,8,0.011,158.407,90,204,,
Lobactis scutaria,HC,heated,control,8/2/18,NA,7,9,0.01,163.008,88,207,,
Lobactis scutaria,HC,heated,control,8/2/18,NA,7,10,0.025,162.748,73,205,,
Lobactis scutaria,HC,heated,control,8/2/18,NA,8,1,0.015,169.03,89,238,,
Lobactis scutaria,HC,heated,control,8/2/18,NA,8,2,0.02,168.531,87,204,,
Lobactis scutaria,HC,heated,control,8/2/18,NA,8,3,0.014,154.682,83,199,,
Lobactis scutaria,HC,heated,control,8/2/18,NA,8,4,0.012,164.452,98,203,,
Lobactis scutaria,HC,heated,control,8/2/18,NA,8,5,0.014,168.111,72,221,,
Lobactis scutaria,HC,heated,control,8/2/18,NA,8,7,0.012,160.254,78,202,,
Lobactis scutaria,HC,heated,control,8/2/18,NA,8,8,0.023,161.149,68,210,,
Lobactis scutaria,HC,heated,control,8/2/18,NA,8,9,0.021,158.218,73,225,,
Lobactis scutaria,HC,heated,control,8/2/18,NA,8,10,0.012,255,255,255,,
Lobactis scutaria,HC,heated,control,8/2/18,NA,9,1,0.029,168.41,64,246,,
Lobactis scutaria,HC,heated,control,8/2/18,NA,9,2,0.026,175.55,91,241,,
Lobactis scutaria,HC,heated,control,8/2/18,NA,9,4,0.016,172.998,96,235,,
Lobactis scutaria,HC,heated,control,8/2/18,NA,9,5,0.022,173.538,86,254,,
Lobactis scutaria,HC,heated,control,8/2/18,NA,9,7,0.016,176.914,91,220,,
Lobactis scutaria,HC,heated,control,8/2/18,NA,9,9,0.015,255,255,255,,
Lobactis scutaria,HC,heated,control,8/2/18,NA,9,10,0.028,255,255,255,,
Lobactis scutaria,HN,heated,nitrate,8/2/18,NA,6,1,0.014,255,255,255,,
Lobactis scutaria,HN,heated,nitrate,8/2/18,NA,6,3,0.022,255,255,255,,
Lobactis scutaria,HN,heated,nitrate,8/2/18,NA,6,4,0.017,255,255,255,,
Lobactis scutaria,HN,heated,nitrate,8/2/18,NA,6,5,0.012,255,255,255,,
Lobactis scutaria,HN,heated,nitrate,8/2/18,NA,6,6,0.025,255,255,255,,
Lobactis scutaria,HN,heated,nitrate,8/2/18,NA,6,7,0.023,255,255,255,,
Lobactis scutaria,HN,heated,nitrate,8/2/18,NA,6,10,0.032,121.651,59,164,,
Lobactis scutaria,HN,heated,nitrate,8/2/18,NA,6,13,0.021,97.782,54,131,,
Lobactis scutaria,HN,heated,nitrate,8/2/18,NA,7,2,0.026,255,255,255,,
Lobactis scutaria,HN,heated,nitrate,8/2/18,NA,7,3,0.011,181.086,76,233,,
Lobactis scutaria,HN,heated,nitrate,8/2/18,NA,7,5,0.015,255,255,255,,
Lobactis scutaria,HN,heated,nitrate,8/2/18,NA,7,6,0.012,185.144,69,244,,
Lobactis scutaria,HN,heated,nitrate,8/2/18,NA,7,8,0.023,255,255,255,,
Lobactis scutaria,HN,heated,nitrate,8/2/18,NA,7,9,0.027,255,255,255,,
Lobactis scutaria,HN,heated,nitrate,8/2/18,NA,7,12,0.024,188.257,70,250,,
Lobactis scutaria,HN,heated,nitrate,8/2/18,NA,7,14,0.027,255,255,255,,
Lobactis scutaria,HN,heated,nitrate,8/2/18,NA,7,16,0.015,255,255,255,,
Lobactis scutaria,HN,heated,nitrate,8/2/18,NA,8,1,0.026,255,255,255,,
Lobactis scutaria,HN,heated,nitrate,8/2/18,NA,8,3,0.025,255,255,255,,
Lobactis scutaria,HN,heated,nitrate,8/2/18,NA,8,4,0.015,111.51,40,164,,
Lobactis scutaria,HN,heated,nitrate,8/2/18,NA,8,5,0.015,255,255,255,,
Lobactis scutaria,HN,heated,nitrate,8/2/18,NA,8,6,0.02,255,255,255,,
Lobactis scutaria,HN,heated,nitrate,8/2/18,NA,8,7,0.028,255,255,255,,
Lobactis scutaria,HN,heated,nitrate,8/2/18,NA,8,9,0.011,255,255,255,,
Lobactis scutaria,HN,heated,nitrate,8/2/18,NA,8,10,0.019,255,255,255,,
Lobactis scutaria,HP,heated,phosphate,8/2/18,NA,6,1,0.014,255,255,255,,
Lobactis scutaria,HP,heated,phosphate,8/2/18,NA,6,2,0.013,255,255,255,,
Lobactis scutaria,HP,heated,phosphate,8/2/18,NA,6,3,0.011,255,255,255,,
Lobactis scutaria,HP,heated,phosphate,8/2/18,NA,6,4,0.015,255,255,255,,
Lobactis scutaria,HP,heated,phosphate,8/2/18,NA,6,5,0.019,255,255,255,,
Lobactis scutaria,HP,heated,phosphate,8/2/18,NA,6,6,0.022,255,255,255,,
Lobactis scutaria,HP,heated,phosphate,8/2/18,NA,6,7,0.012,255,255,255,,
Lobactis scutaria,HP,heated,phosphate,8/2/18,NA,6,8,0.011,255,255,255,,
Lobactis scutaria,HP,heated,phosphate,8/2/18,NA,6,10,0.01,255,255,255,,
Lobactis scutaria,HP,heated,phosphate,8/2/18,NA,7,1,0.022,255,255,255,,
Lobactis scutaria,HP,heated,phosphate,8/2/18,NA,7,2,0.008,255,255,255,,
Lobactis scutaria,HP,heated,phosphate,8/2/18,NA,7,3,0.019,255,255,255,,
Lobactis scutaria,HP,heated,phosphate,8/2/18,NA,7,4,0.01,255,255,255,,
Lobactis scutaria,HP,heated,phosphate,8/2/18,NA,7,5,0.011,255,255,255,,
Lobactis scutaria,HP,heated,phosphate,8/2/18,NA,7,6,0.017,255,255,255,,
Lobactis scutaria,HP,heated,phosphate,8/2/18,NA,7,8,0.008,255,255,255,,
Lobactis scutaria,HP,heated,phosphate,8/2/18,NA,8,1,0.021,255,255,255,,
Lobactis scutaria,HP,heated,phosphate,8/2/18,NA,8,2,0.019,255,255,255,,
Lobactis scutaria,HP,heated,phosphate,8/2/18,NA,8,3,0.019,255,255,255,,
Lobactis scutaria,HP,heated,phosphate,8/2/18,NA,8,4,0.009,255,255,255,,
Lobactis scutaria,HNP,heated,nitrate and phosphate,8/2/18,NA,6,1,0.015,255,255,255,,
Lobactis scutaria,HNP,heated,nitrate and phosphate,8/2/18,NA,6,2,0.015,255,255,255,,
Lobactis scutaria,HNP,heated,nitrate and phosphate,8/2/18,NA,6,3,0.021,92.528,33,140,,
Lobactis scutaria,HNP,heated,nitrate and phosphate,8/2/18,NA,6,4,0.018,109.875,23,161,,
Lobactis scutaria,HNP,heated,nitrate and phosphate,8/2/18,NA,6,5,0.01,255,255,255,,
Lobactis scutaria,HNP,heated,nitrate and phosphate,8/2/18,NA,7,1,0.009,255,255,255,,
Lobactis scutaria,HNP,heated,nitrate and phosphate,8/2/18,NA,7,2,0.016,255,255,255,,
Lobactis scutaria,HNP,heated,nitrate and phosphate,8/2/18,NA,7,3,0.01,255,255,255,,
Lobactis scutaria,HNP,heated,nitrate and phosphate,8/2/18,NA,7,4,0.016,255,255,255,,
Lobactis scutaria,HNP,heated,nitrate and phosphate,8/2/18,NA,7,5,0.018,255,255,255,,
Lobactis scutaria,HNP,heated,nitrate and phosphate,8/2/18,NA,7,6,0.017,255,255,255,,
Lobactis scutaria,HNP,heated,nitrate and phosphate,8/2/18,NA,7,8,0.016,255,255,255,,
Lobactis scutaria,HNP,heated,nitrate and phosphate,8/2/18,NA,8,1,0.011,102.642,54,122,,
Lobactis scutaria,HNP,heated,nitrate and phosphate,8/2/18,NA,8,2,0.01,81.534,35,107,,
Lobactis scutaria,HNP,heated,nitrate and phosphate,8/2/18,NA,8,6,0.014,255,255,255,,
Lobactis scutaria,HNP,heated,nitrate and phosphate,8/2/18,NA,8,7,0.019,255,255,255,,
Lobactis scutaria,HNP,heated,nitrate and phosphate,8/2/18,NA,8,8,0.009,255,255,255,,
Lobactis scutaria,HNP,heated,nitrate and phosphate,8/2/18,NA,8,9,0.016,94.337,36,119,,
Lobactis scutaria,HNP,heated,nitrate and phosphate,8/2/18,NA,8,10,0.01,90.601,52,114,,
Lobactis scutaria,HNP,heated,nitrate and phosphate,8/2/18,NA,8,12,0.012,255,255,255,,
Lobactis scutaria,HNP,heated,nitrate and phosphate,8/2/18,NA,8,14,0.011,95.926,39,129,,
Lobactis scutaria,HNP,heated,nitrate and phosphate,8/2/18,NA,8,15,0.011,255,255,255,,
Lobactis scutaria,HNP,heated,nitrate and phosphate,8/2/18,NA,9,1,0.014,105.819,38,131,,
Lobactis scutaria,HNP,heated,nitrate and phosphate,8/2/18,NA,9,2,0.009,255,255,255,,
Lobactis scutaria,HNP,heated,nitrate and phosphate,8/2/18,NA,9,3,0.009,255,255,255,,
Lobactis scutaria,HNP,heated,nitrate and phosphate,8/2/18,NA,9,4,0.018,255,255,255,,
Lobactis scutaria,HNP,heated,nitrate and phosphate,8/2/18,NA,9,5,0.011,255,255,255,,
Lobactis scutaria,HNP,heated,nitrate and phosphate,8/2/18,NA,9,6,0.007,255,255,255,,
Lobactis scutaria,HNP,heated,nitrate and phosphate,8/2/18,NA,9,7,0.015,255,255,255,,
Lobactis scutaria,HNP,heated,nitrate and phosphate,8/2/18,NA,9,10,0.009,255,255,255,,
Lobactis scutaria,HNP,heated,nitrate and phosphate,8/2/18,NA,9,11,0.015,255,255,255,,
Montipora capitata,Day 0,none,none,8/11/18,NA,1,1,0.276,255,255,255,219,0.073607971
Montipora capitata,Day 0,none,none,8/11/18,NA,1,2,0.301,255,255,255,,
Montipora capitata,Day 0,none,none,8/11/18,NA,1,3,0.288,255,255,255,,
Montipora capitata,Day 0,none,none,8/11/18,NA,1,4,0.249,255,255,255,,
Montipora capitata,Day 0,none,none,8/11/18,NA,1,5,0.258,255,255,255,,
Montipora capitata,Day 0,none,none,8/11/18,NA,1,6,0.217,255,255,255,,
Montipora capitata,Day 0,none,none,8/11/18,NA,1,7,0.094,255,255,255,,
Montipora capitata,Day 0,none,none,8/11/18,NA,2,1,0.218,255,255,255,,
Montipora capitata,Day 0,none,none,8/11/18,NA,2,2,0.328,71.907,15,128,,
Montipora capitata,Day 0,none,none,8/11/18,NA,2,3 and 4,0.21,76.333,18,100,,
Montipora capitata,Day 0,none,none,8/11/18,NA,2,7,0.128,255,255,255,,
Montipora capitata,Day 0,none,none,8/11/18,NA,2,8,0.152,255,255,255,,
Montipora capitata,Day 0,none,none,8/11/18,NA,2,9,0.176,255,255,255,,
Montipora capitata,Day 0,none,none,8/11/18,NA,2,10,0.318,87.958,19,204,,
Montipora capitata,Day 0,none,none,8/11/18,NA,2,11,0.12,255,255,255,,
Montipora capitata,Day 0,none,none,8/11/18,NA,2,12,0.171,255,255,255,,
Montipora capitata,AC,ambient,control,8/16/18,NA,1,1,0.47,255,255,255,,
Montipora capitata,AC,ambient,control,8/16/18,NA,1,2,0.337,117.254,34,197,,
Montipora capitata,AC,ambient,control,8/16/18,NA,1,3,0.372,255,255,255,,
Montipora capitata,AC,ambient,control,8/16/18,NA,1,4,0.287,99.424,29,171,,
Montipora capitata,AC,ambient,control,8/16/18,NA,1,5,0.313,255,255,255,,
Montipora capitata,AC,ambient,control,8/16/18,NA,1,6,0.197,255,255,255,,
Montipora capitata,AC,ambient,control,8/16/18,NA,1,7,0.373,255,255,255,,
Montipora capitata,AC,ambient,control,8/16/18,NA,1,9,0.29,255,255,255,,
Montipora capitata,AC,ambient,control,8/16/18,NA,1,10,0.471,127.086,17,249,,
Montipora capitata,AC,ambient,control,8/16/18,NA,2,1,0.235,255,255,255,,
Montipora capitata,AC,ambient,control,8/16/18,NA,2,2,0.388,255,255,255,,
Montipora capitata,AC,ambient,control,8/16/18,NA,2,3,0.373,255,255,255,,
Montipora capitata,AC,ambient,control,8/16/18,NA,2,4,0.322,255,255,255,,
Montipora capitata,AC,ambient,control,8/16/18,NA,2,5,0.318,255,255,255,,
Montipora capitata,AC,ambient,control,8/16/18,NA,3,1,0.174,194.715,42,255,,
Montipora capitata,AC,ambient,control,8/16/18,NA,3,3,0.352,168.931,32,247,,
Montipora capitata,AC,ambient,control,8/16/18,NA,3,4,0.492,119.103,27,252,,
Montipora capitata,AC,ambient,control,8/16/18,NA,3,5,0.082,255,255,255,,
Montipora capitata,AC,ambient,control,8/16/18,NA,3,7,0.289,255,255,255,,
Montipora capitata,AC,ambient,control,8/16/18,NA,3,9,0.396,255,255,255,,
Montipora capitata,AC,ambient,control,8/16/18,NA,3,10,0.321,170.144,28,255,,
Montipora capitata,AC,ambient,control,8/16/18,NA,3,12,0.37,255,255,255,,
Montipora capitata,AC,ambient,control,8/16/18,NA,3,15,0.305,255,255,255,,
Montipora capitata,AC,ambient,control,8/16/18,NA,3,16,0.243,255,255,255,,
Montipora capitata,AC,ambient,control,8/16/18,NA,4,1,0.43,255,255,255,,
Montipora capitata,AC,ambient,control,8/16/18,NA,4,2,0.448,255,255,255,,
Montipora capitata,AC,ambient,control,8/16/18,NA,4,3,0.461,255,255,255,,
Montipora capitata,AC,ambient,control,8/16/18,NA,4,4,0.428,255,255,255,,
Montipora capitata,AC,ambient,control,8/16/18,NA,4,5,0.337,255,255,255,,
Montipora capitata,AC,ambient,control,8/16/18,NA,4,7,0.228,255,255,255,,
Montipora capitata,AC,ambient,control,8/16/18,NA,5,1,0.322,255,255,255,,
Montipora capitata,AC,ambient,control,8/16/18,NA,5,2,0.341,155.685,26,236,,
Montipora capitata,AC,ambient,control,8/16/18,NA,5,5,0.383,255,255,255,,
Montipora capitata,AC,ambient,control,8/16/18,NA,5,6,0.438,255,255,255,,
Montipora capitata,AC,ambient,control,8/16/18,NA,5,7,0.318,255,255,255,,
Montipora capitata,AC,ambient,control,8/16/18,NA,5,8,0.356,255,255,255,,
Montipora capitata,AC,ambient,control,8/16/18,NA,5,9,0.399,255,255,255,,
Montipora capitata,AC,ambient,control,8/16/18,NA,5,11,0.4,255,255,255,,
Montipora capitata,AC,ambient,control,8/16/18,NA,5,12,0.456,255,255,255,,
Montipora capitata,AC,ambient,control,8/16/18,NA,5,13,0.202,160.777,37,250,,
Montipora capitata,AN,ambient,nitrate,8/16/18,NA,1,1,0.241,255,255,255,,
Montipora capitata,AN,ambient,nitrate,8/16/18,NA,1,2,0.259,255,255,255,,
Montipora capitata,AN,ambient,nitrate,8/16/18,NA,1,3,0.32,255,255,255,,
Montipora capitata,AN,ambient,nitrate,8/16/18,NA,1,4,0.424,255,255,255,,
Montipora capitata,AN,ambient,nitrate,8/16/18,NA,1,5,0.225,255,255,255,,
Montipora capitata,AN,ambient,nitrate,8/16/18,NA,1,8,0.241,255,255,255,,
Montipora capitata,AN,ambient,nitrate,8/16/18,NA,1,11,0.354,255,255,255,,
Montipora capitata,AN,ambient,nitrate,8/16/18,NA,1,17,0.374,255,255,255,,
Montipora capitata,AN,ambient,nitrate,8/16/18,NA,1,20,0.201,255,255,255,,
Montipora capitata,AN,ambient,nitrate,8/16/18,NA,1,21,0.165,255,255,255,,
Montipora capitata,AN,ambient,nitrate,8/16/18,NA,2,1,0.435,255,255,255,,
Montipora capitata,AN,ambient,nitrate,8/16/18,NA,2,2,0.356,255,255,255,,
Montipora capitata,AN,ambient,nitrate,8/16/18,NA,2,3,0.16,255,255,255,,
Montipora capitata,AN,ambient,nitrate,8/16/18,NA,2,4,0.349,255,255,255,,
Montipora capitata,AN,ambient,nitrate,8/16/18,NA,2,6,0.319,255,255,255,,
Montipora capitata,AN,ambient,nitrate,8/16/18,NA,2,8,0.348,255,255,255,,
Montipora capitata,AN,ambient,nitrate,8/16/18,NA,2,9,0.483,255,255,255,,
Montipora capitata,AN,ambient,nitrate,8/16/18,NA,2,10,0.212,255,255,255,,
Montipora capitata,AN,ambient,nitrate,8/16/18,NA,2,12,0.381,255,255,255,,
Montipora capitata,AN,ambient,nitrate,8/16/18,NA,2,15,0.287,255,255,255,,
Montipora capitata,AN,ambient,nitrate,8/16/18,NA,3,1,0.364,121.567,35,193,,
Montipora capitata,AN,ambient,nitrate,8/16/18,NA,3,2,0.197,255,255,255,,
Montipora capitata,AN,ambient,nitrate,8/16/18,NA,3,3,0.067,255,255,255,,
Montipora capitata,AN,ambient,nitrate,8/16/18,NA,3,4,0.262,255,255,255,,
Montipora capitata,AN,ambient,nitrate,8/16/18,NA,3,5,0.395,255,255,255,,
Montipora capitata,AN,ambient,nitrate,8/16/18,NA,3,6,0.316,255,255,255,,
Montipora capitata,AN,ambient,nitrate,8/16/18,NA,3,8,0.197,95.322,28,163,,
Montipora capitata,AN,ambient,nitrate,8/16/18,NA,3,11,0.308,255,255,255,,
Montipora capitata,AN,ambient,nitrate,8/16/18,NA,3,14,0.251,255,255,255,,
Montipora capitata,AN,ambient,nitrate,8/16/18,NA,3,15,0.336,255,255,255,,
Montipora capitata,AN,ambient,nitrate,8/16/18,NA,4,1,0.211,93.802,30,128,,
Montipora capitata,AN,ambient,nitrate,8/16/18,NA,4,2,0.375,255,255,255,,
Montipora capitata,AN,ambient,nitrate,8/16/18,NA,4,3,0.239,255,255,255,,
Montipora capitata,AN,ambient,nitrate,8/16/18,NA,4,7,0.142,255,255,255,,
Montipora capitata,AN,ambient,nitrate,8/16/18,NA,4,9,0.269,255,255,255,,
Montipora capitata,AN,ambient,nitrate,8/16/18,NA,4,11,0.406,255,255,255,,
Montipora capitata,AN,ambient,nitrate,8/16/18,NA,4,13,0.329,96.82,30,129,,
Montipora capitata,AN,ambient,nitrate,8/16/18,NA,4,18,0.211,97.871,40,119,,
Montipora capitata,AP,ambient,phosphate,8/16/18,NA,1,1,0.173,153.591,42,222,,
Montipora capitata,AP,ambient,phosphate,8/16/18,NA,1,5,0.211,142.487,54,242,,
Montipora capitata,AP,ambient,phosphate,8/16/18,NA,1,8,0.254,111.151,41,150,,
Montipora capitata,AP,ambient,phosphate,8/16/18,NA,1,14,0.204,255,255,255,,
Montipora capitata,AP,ambient,phosphate,8/16/18,NA,1,15,0.243,255,255,255,,
Montipora capitata,AP,ambient,phosphate,8/16/18,NA,1,16,0.092,143.864,60,191,,
Montipora capitata,AP,ambient,phosphate,8/16/18,NA,1,20,0.359,110.276,42,155,,
Montipora capitata,AP,ambient,phosphate,8/16/18,NA,1,30,0.162,147.96,55,210,,
Montipora capitata,AP,ambient,phosphate,8/16/18,NA,1,31,0.279,255,255,255,,
Montipora capitata,AP,ambient,phosphate,8/16/18,NA,1,32,0.138,134.806,47,196,,
Montipora capitata,AP,ambient,phosphate,8/16/18,NA,2,1,0.21,255,255,255,,
Montipora capitata,AP,ambient,phosphate,8/16/18,NA,2,2,0.274,255,255,255,,
Montipora capitata,AP,ambient,phosphate,8/16/18,NA,2,3,0.235,255,255,255,,
Montipora capitata,AP,ambient,phosphate,8/16/18,NA,2,4,0.428,255,255,255,,
Montipora capitata,AP,ambient,phosphate,8/16/18,NA,2,5,0.352,255,255,255,,
Montipora capitata,AP,ambient,phosphate,8/16/18,NA,2,6,0.45,255,255,255,,
Montipora capitata,AP,ambient,phosphate,8/16/18,NA,2,7,0.322,117.435,54,183,,
Montipora capitata,AP,ambient,phosphate,8/16/18,NA,2,8,0.185,255,255,255,,
Montipora capitata,AP,ambient,phosphate,8/16/18,NA,2,12,0.24,142.189,51,212,,
Montipora capitata,AP,ambient,phosphate,8/16/18,NA,3,1,0.317,255,255,255,,
Montipora capitata,AP,ambient,phosphate,8/16/18,NA,3,2,0.243,255,255,255,,
Montipora capitata,AP,ambient,phosphate,8/16/18,NA,3,3,0.392,255,255,255,,
Montipora capitata,AP,ambient,phosphate,8/16/18,NA,3,4,0.295,255,255,255,,
Montipora capitata,AP,ambient,phosphate,8/16/18,NA,3,5,0.32,144.357,62,195,,
Montipora capitata,AP,ambient,phosphate,8/16/18,NA,3,6,0.374,143.32,39,186,,
Montipora capitata,AP,ambient,phosphate,8/16/18,NA,3,9,0.391,255,255,255,,
Montipora capitata,AP,ambient,phosphate,8/16/18,NA,3,10,0.332,255,255,255,,
Montipora capitata,AP,ambient,phosphate,8/16/18,NA,3,11,0.402,255,255,255,,
Montipora capitata,AP,ambient,phosphate,8/16/18,NA,3,13,0.361,255,255,255,,
Montipora capitata,AP,ambient,phosphate,8/16/18,NA,4,1,0.306,255,255,255,,
Montipora capitata,AP,ambient,phosphate,8/16/18,NA,4,2,0.218,136.268,50,180,,
Montipora capitata,AP,ambient,phosphate,8/16/18,NA,4,6,0.205,119.897,52,169,,
Montipora capitata,AP,ambient,phosphate,8/16/18,NA,4,8,0.269,135.614,52,187,,
Montipora capitata,AP,ambient,phosphate,8/16/18,NA,4,9,0.277,255,255,255,,
Montipora capitata,AP,ambient,phosphate,8/16/18,NA,4,10,0.346,153.983,48,230,,
Montipora capitata,AP,ambient,phosphate,8/16/18,NA,4,12,0.162,255,255,255,,
Montipora capitata,AP,ambient,phosphate,8/16/18,NA,4,15,0.263,255,255,255,,
Montipora capitata,AP,ambient,phosphate,8/16/18,NA,4,18,0.308,255,255,255,,
Montipora capitata,AP,ambient,phosphate,8/16/18,NA,4,19,0.253,255,255,255,,
Montipora capitata,AP,ambient,phosphate,8/16/18,NA,5,1,0.292,255,255,255,,
Montipora capitata,AP,ambient,phosphate,8/16/18,NA,5,2,0.374,255,255,255,,
Montipora capitata,AP,ambient,phosphate,8/16/18,NA,5,3,0.386,255,255,255,,
Montipora capitata,AP,ambient,phosphate,8/16/18,NA,5,4,0.384,255,255,255,,
Montipora capitata,AP,ambient,phosphate,8/16/18,NA,5,5,0.409,255,255,255,,
Montipora capitata,AP,ambient,phosphate,8/16/18,NA,5,6,0.247,255,255,255,,
Montipora capitata,AP,ambient,phosphate,8/16/18,NA,5,7,0.356,121.503,43,176,,
Montipora capitata,AP,ambient,phosphate,8/16/18,NA,5,8,0.236,255,255,255,,
Montipora capitata,AP,ambient,phosphate,8/16/18,NA,5,9,0.237,255,255,255,,
Montipora capitata,ANP,ambient,nitrate and phosphate,8/16/18,NA,1,1,0.335,255,255,255,,
Montipora capitata,ANP,ambient,nitrate and phosphate,8/16/18,NA,1,2,0.326,156.055,50,217,,
Montipora capitata,ANP,ambient,nitrate and phosphate,8/16/18,NA,1,3,0.255,255,255,255,,
Montipora capitata,ANP,ambient,nitrate and phosphate,8/16/18,NA,1,4,0.111,255,255,255,,
Montipora capitata,ANP,ambient,nitrate and phosphate,8/16/18,NA,1,5,0.327,255,255,255,,
Montipora capitata,ANP,ambient,nitrate and phosphate,8/16/18,NA,1,6,0.245,255,255,255,,
Montipora capitata,ANP,ambient,nitrate and phosphate,8/16/18,NA,1,8,0.416,255,255,255,,
Montipora capitata,ANP,ambient,nitrate and phosphate,8/16/18,NA,1,9,0.419,255,255,255,,
Montipora capitata,ANP,ambient,nitrate and phosphate,8/16/18,NA,1,11,0.434,255,255,255,,
Montipora capitata,ANP,ambient,nitrate and phosphate,8/16/18,NA,1,12,0.371,255,255,255,,
Montipora capitata,ANP,ambient,nitrate and phosphate,8/16/18,NA,1,13,0.184,255,255,255,,
Montipora capitata,ANP,ambient,nitrate and phosphate,8/16/18,NA,2,1,0.395,255,255,255,,
Montipora capitata,ANP,ambient,nitrate and phosphate,8/16/18,NA,2,2,0.457,255,255,255,,
Montipora capitata,ANP,ambient,nitrate and phosphate,8/16/18,NA,2,3,0.299,255,255,255,,
Montipora capitata,ANP,ambient,nitrate and phosphate,8/16/18,NA,2,4,0.555,255,255,255,,
Montipora capitata,ANP,ambient,nitrate and phosphate,8/16/18,NA,2,5,0.363,169.429,61,248,,
Montipora capitata,ANP,ambient,nitrate and phosphate,8/16/18,NA,2,6,0.374,255,255,255,,
Montipora capitata,ANP,ambient,nitrate and phosphate,8/16/18,NA,2,7,0.445,255,255,255,,
Montipora capitata,ANP,ambient,nitrate and phosphate,8/16/18,NA,2,8,0.397,255,255,255,,
Montipora capitata,ANP,ambient,nitrate and phosphate,8/16/18,NA,2,9,0.396,255,255,255,,
Montipora capitata,ANP,ambient,nitrate and phosphate,8/16/18,NA,3,1,0.437,255,255,255,,
Montipora capitata,ANP,ambient,nitrate and phosphate,8/16/18,NA,3,2,0.405,255,255,255,,
Montipora capitata,ANP,ambient,nitrate and phosphate,8/16/18,NA,3,3,0.331,255,255,255,,
Montipora capitata,ANP,ambient,nitrate and phosphate,8/16/18,NA,3,4,0.23,255,255,255,,
Montipora capitata,ANP,ambient,nitrate and phosphate,8/16/18,NA,3,5,0.353,255,255,255,,
Montipora capitata,ANP,ambient,nitrate and phosphate,8/16/18,NA,3,6,0.373,255,255,255,,
Montipora capitata,ANP,ambient,nitrate and phosphate,8/16/18,NA,3,7,0.389,255,255,255,,
Montipora capitata,ANP,ambient,nitrate and phosphate,8/16/18,NA,3,9,0.297,255,255,255,,
Montipora capitata,ANP,ambient,nitrate and phosphate,8/16/18,NA,3,10,0.483,255,255,255,,
Montipora capitata,ANP,ambient,nitrate and phosphate,8/16/18,NA,3,12,0.246,255,255,255,,
Montipora capitata,ANP,ambient,nitrate and phosphate,8/16/18,NA,4,1,0.187,255,255,255,,
Montipora capitata,ANP,ambient,nitrate and phosphate,8/16/18,NA,4,3,0.172,255,255,255,,
Montipora capitata,ANP,ambient,nitrate and phosphate,8/16/18,NA,4,4,0.331,255,255,255,,
Montipora capitata,ANP,ambient,nitrate and phosphate,8/16/18,NA,4,5,0.311,255,255,255,,
Montipora capitata,ANP,ambient,nitrate and phosphate,8/16/18,NA,4,6,0.411,255,255,255,,
Montipora capitata,ANP,ambient,nitrate and phosphate,8/16/18,NA,4,7,0.235,255,255,255,,
Montipora capitata,ANP,ambient,nitrate and phosphate,8/16/18,NA,4,8,0.314,255,255,255,,
Montipora capitata,ANP,ambient,nitrate and phosphate,8/16/18,NA,4,9,0.429,255,255,255,,
Montipora capitata,ANP,ambient,nitrate and phosphate,8/16/18,NA,4,10,0.366,255,255,255,,
Montipora capitata,ANP,ambient,nitrate and phosphate,8/16/18,NA,4,11,0.366,255,255,255,,
Montipora capitata,ANP,ambient,nitrate and phosphate,8/16/18,NA,5,1,0.455,255,255,255,,
Montipora capitata,ANP,ambient,nitrate and phosphate,8/16/18,NA,5,2,0.451,255,255,255,,
Montipora capitata,ANP,ambient,nitrate and phosphate,8/16/18,NA,5,3,0.312,255,255,255,,
Montipora capitata,ANP,ambient,nitrate and phosphate,8/16/18,NA,5,5,0.108,255,255,255,,
Montipora capitata,ANP,ambient,nitrate and phosphate,8/16/18,NA,5,6,0.344,255,255,255,,
Montipora capitata,ANP,ambient,nitrate and phosphate,8/16/18,NA,5,7,0.296,255,255,255,,
Montipora capitata,ANP,ambient,nitrate and phosphate,8/16/18,NA,5,8,0.351,255,255,255,,
Montipora capitata,ANP,ambient,nitrate and phosphate,8/16/18,NA,5,9,0.402,255,255,255,,
Montipora capitata,ANP,ambient,nitrate and phosphate,8/16/18,NA,5,10,0.427,255,255,255,,
Montipora capitata,ANP,ambient,nitrate and phosphate,8/16/18,NA,5,11,0.21,255,255,255,,
Montipora capitata,HC,heated,control,8/16/18,NA,6,1,0.306,255,255,255,,
Montipora capitata,HC,heated,control,8/16/18,NA,6,2,0.217,181.71,44,243,,
Montipora capitata,HC,heated,control,8/16/18,NA,6,3,0.279,255,255,255,,
Montipora capitata,HC,heated,control,8/16/18,NA,6,4,0.345,255,255,255,,
Montipora capitata,HC,heated,control,8/16/18,NA,6,5,0.402,255,255,255,,
Montipora capitata,HC,heated,control,8/16/18,NA,6,7,0.3,255,255,255,,
Montipora capitata,HC,heated,control,8/16/18,NA,6,8,0.396,255,255,255,,
Montipora capitata,HC,heated,control,8/16/18,NA,6,9,0.273,255,255,255,,
Montipora capitata,HC,heated,control,8/16/18,NA,7,1,0.099,255,255,255,,
Montipora capitata,HC,heated,control,8/16/18,NA,7,2,0.34,255,255,255,,
Montipora capitata,HC,heated,control,8/16/18,NA,7,3,0.288,255,255,255,,
Montipora capitata,HC,heated,control,8/16/18,NA,7,5,0.248,255,255,255,,
Montipora capitata,HC,heated,control,8/16/18,NA,7,6,0.34,255,255,255,,
Montipora capitata,HC,heated,control,8/16/18,NA,7,7,0.323,255,255,255,,
Montipora capitata,HC,heated,control,8/16/18,NA,7,9,0.146,255,255,255,,
Montipora capitata,HC,heated,control,8/16/18,NA,7,11,0.354,139.689,35,207,,
Montipora capitata,HC,heated,control,8/16/18,NA,7,12,0.355,255,255,255,,
Montipora capitata,HC,heated,control,8/16/18,NA,7,13,0.309,150.339,31,229,,
Montipora capitata,HC,heated,control,8/16/18,NA,8,1,0.348,255,255,255,,
Montipora capitata,HC,heated,control,8/16/18,NA,8,3,0.403,255,255,255,,
Montipora capitata,HC,heated,control,8/16/18,NA,8,5,0.229,74.239,30,120,,
Montipora capitata,HC,heated,control,8/16/18,NA,8,7,0.217,255,255,255,,
Montipora capitata,HC,heated,control,8/16/18,NA,8,11,0.273,255,255,255,,
Montipora capitata,HC,heated,control,8/16/18,NA,8,12,0.274,105.904,27,196,,
Montipora capitata,HC,heated,control,8/16/18,NA,8,13,0.272,255,255,255,,
Montipora capitata,HC,heated,control,8/16/18,NA,8,14,0.281,109.435,36,198,,
Montipora capitata,HC,heated,control,8/16/18,NA,8,17,0.315,255,255,255,,
Montipora capitata,HC,heated,control,8/16/18,NA,8,18,0.433,255,255,255,,
Montipora capitata,HC,heated,control,8/16/18,NA,9,1,0.315,255,255,255,,
Montipora capitata,HC,heated,control,8/16/18,NA,9,2,0.088,255,255,255,,
Montipora capitata,HC,heated,control,8/16/18,NA,9,3,0.253,255,255,255,,
Montipora capitata,HC,heated,control,8/16/18,NA,9,4,0.395,255,255,255,,
Montipora capitata,HC,heated,control,8/16/18,NA,9,5,0.312,255,255,255,,
Montipora capitata,HC,heated,control,8/16/18,NA,9,7,0.144,255,255,255,,
Montipora capitata,HC,heated,control,8/16/18,NA,9,11,0.283,110.528,26,185,,
Montipora capitata,HC,heated,control,8/16/18,NA,9,16,0.252,255,255,255,,
Montipora capitata,HC,heated,control,8/16/18,NA,9,18,0.223,255,255,255,,
Montipora capitata,HC,heated,control,8/16/18,NA,10,5,0.259,110.382,33,203,,
Montipora capitata,HC,heated,control,8/16/18,NA,10,6,0.234,104.898,28,209,,
Montipora capitata,HC,heated,control,8/16/18,NA,10,10,0.298,86.986,24,160,,
Montipora capitata,HC,heated,control,8/16/18,NA,10,11,0.194,81.459,24,132,,
Montipora capitata,HC,heated,control,8/16/18,NA,10,15,0.293,255,255,255,,
Montipora capitata,HC,heated,control,8/16/18,NA,10,23,0.235,130.033,28,210,,
Montipora capitata,HC,heated,control,8/16/18,NA,10,31,0.338,255,255,255,,
Montipora capitata,HC,heated,control,8/16/18,NA,10,32,0.342,71.813,21,127,,
Montipora capitata,HC,heated,control,8/16/18,NA,10,33,0.176,86.69,20,152,,
Montipora capitata,HC,heated,control,8/16/18,NA,10,34,0.398,255,255,255,,
Montipora capitata,HN,heated,nitrate,8/16/18,NA,6,1,0.33,255,255,255,,
Montipora capitata,HN,heated,nitrate,8/16/18,NA,6,2,0.351,255,255,255,,
Montipora capitata,HN,heated,nitrate,8/16/18,NA,6,3,0.295,255,255,255,,
Montipora capitata,HN,heated,nitrate,8/16/18,NA,6,4,0.302,255,255,255,,
Montipora capitata,HN,heated,nitrate,8/16/18,NA,6,5,0.385,255,255,255,,
Montipora capitata,HN,heated,nitrate,8/16/18,NA,6,6,0.344,255,255,255,,
Montipora capitata,HN,heated,nitrate,8/16/18,NA,6,7,0.283,255,255,255,,
Montipora capitata,HN,heated,nitrate,8/16/18,NA,6,8,0.256,92.11,34,153,,
Montipora capitata,HN,heated,nitrate,8/16/18,NA,6,9,0.309,255,255,255,,
Montipora capitata,HN,heated,nitrate,8/16/18,NA,6,10,0.34,255,255,255,,
Montipora capitata,HN,heated,nitrate,8/16/18,NA,7,1,0.202,182.576,56,236,,
Montipora capitata,HN,heated,nitrate,8/16/18,NA,7,3,0.194,255,255,255,,
Montipora capitata,HN,heated,nitrate,8/16/18,NA,7,4,0.365,255,255,255,,
Montipora capitata,HN,heated,nitrate,8/16/18,NA,7,5,0.282,255,255,255,,
Montipora capitata,HN,heated,nitrate,8/16/18,NA,7,6,0.183,255,255,255,,
Montipora capitata,HN,heated,nitrate,8/16/18,NA,7,7,0.133,255,255,255,,
Montipora capitata,HN,heated,nitrate,8/16/18,NA,7,8,0.28,255,255,255,,
Montipora capitata,HN,heated,nitrate,8/16/18,NA,7,9,0.298,255,255,255,,
Montipora capitata,HN,heated,nitrate,8/16/18,NA,7,10,0.162,255,255,255,,
Montipora capitata,HN,heated,nitrate,8/16/18,NA,7,11,0.221,255,255,255,,
Montipora capitata,HN,heated,nitrate,8/16/18,NA,8,1,0.283,255,255,255,,
Montipora capitata,HN,heated,nitrate,8/16/18,NA,8,2,0.275,255,255,255,,
Montipora capitata,HN,heated,nitrate,8/16/18,NA,8,3,0.258,255,255,255,,
Montipora capitata,HN,heated,nitrate,8/16/18,NA,8,5,0.236,190.975,69,255,,
Montipora capitata,HN,heated,nitrate,8/16/18,NA,8,6,0.264,255,255,255,,
Montipora capitata,HN,heated,nitrate,8/16/18,NA,8,8,0.282,255,255,255,,
Montipora capitata,HN,heated,nitrate,8/16/18,NA,8,9,0.153,255,255,255,,
Montipora capitata,HN,heated,nitrate,8/16/18,NA,8,10,0.323,150.265,56,199,,
Montipora capitata,HN,heated,nitrate,8/16/18,NA,8,11,0.335,189.258,54,248,,
Montipora capitata,HN,heated,nitrate,8/16/18,NA,8,16,0.141,149.515,57,205,,
Montipora capitata,HN,heated,nitrate,8/16/18,NA,9,1,0.275,255,255,255,,
Montipora capitata,HN,heated,nitrate,8/16/18,NA,9,2,0.206,255,255,255,,
Montipora capitata,HN,heated,nitrate,8/16/18,NA,9,3,0.326,255,255,255,,
Montipora capitata,HN,heated,nitrate,8/16/18,NA,9,4,0.248,255,255,255,,
Montipora capitata,HN,heated,nitrate,8/16/18,NA,9,5,0.284,255,255,255,,
Montipora capitata,HN,heated,nitrate,8/16/18,NA,9,8,0.358,255,255,255,,
Montipora capitata,HN,heated,nitrate,8/16/18,NA,9,9,0.333,255,255,255,,
Montipora capitata,HN,heated,nitrate,8/16/18,NA,9,10,0.384,124.012,55,164,,
Montipora capitata,HN,heated,nitrate,8/16/18,NA,9,11,0.282,255,255,255,,
Montipora capitata,HN,heated,nitrate,8/16/18,NA,9,12,0.486,255,255,255,,
Montipora capitata,HN,heated,nitrate,8/16/18,NA,10,1,0.337,255,255,255,,
Montipora capitata,HN,heated,nitrate,8/16/18,NA,10,2,0.264,255,255,255,,
Montipora capitata,HN,heated,nitrate,8/16/18,NA,10,4,0.146,132.725,46,181,,
Montipora capitata,HN,heated,nitrate,8/16/18,NA,10,5,0.209,150.047,36,195,,
Montipora capitata,HN,heated,nitrate,8/16/18,NA,10,6,0.196,255,255,255,,
Montipora capitata,HN,heated,nitrate,8/16/18,NA,10,7,0.249,119.858,37,163,,
Montipora capitata,HN,heated,nitrate,8/16/18,NA,10,8,0.236,255,255,255,,
Montipora capitata,HN,heated,nitrate,8/16/18,NA,10,9,0.359,120.385,35,158,,
Montipora capitata,HN,heated,nitrate,8/16/18,NA,10,10,0.264,255,255,255,,
Montipora capitata,HN,heated,nitrate,8/16/18,NA,10,12,0.228,104.888,33,164,,
Montipora capitata,HP,heated,phosphate,8/16/18,NA,6,1,0.227,167.866,45,250,,
Montipora capitata,HP,heated,phosphate,8/16/18,NA,6,2,0.288,255,255,255,,
Montipora capitata,HP,heated,phosphate,8/16/18,NA,6,3,0.477,255,255,255,,
Montipora capitata,HP,heated,phosphate,8/16/18,NA,6,4,0.418,255,255,255,,
Montipora capitata,HP,heated,phosphate,8/16/18,NA,6,5,0.395,255,255,255,,
Montipora capitata,HP,heated,phosphate,8/16/18,NA,6,7,0.188,255,255,255,,
Montipora capitata,HP,heated,phosphate,8/16/18,NA,6,8,0.305,255,255,255,,
Montipora capitata,HP,heated,phosphate,8/16/18,NA,6,9,0.307,255,255,255,,
Montipora capitata,HP,heated,phosphate,8/16/18,NA,6,10,0.29,255,255,255,,
Montipora capitata,HP,heated,phosphate,8/16/18,NA,7,1,0.391,255,255,255,,
Montipora capitata,HP,heated,phosphate,8/16/18,NA,7,2,0.273,255,255,255,,
Montipora capitata,HP,heated,phosphate,8/16/18,NA,7,3,0.091,255,255,255,,
Montipora capitata,HP,heated,phosphate,8/16/18,NA,7,4,0.311,255,255,255,,
Montipora capitata,HP,heated,phosphate,8/16/18,NA,7,5,0.275,255,255,255,,
Montipora capitata,HP,heated,phosphate,8/16/18,NA,7,6,0.378,255,255,255,,
Montipora capitata,HP,heated,phosphate,8/16/18,NA,7,7,0.107,255,255,255,,
Montipora capitata,HP,heated,phosphate,8/16/18,NA,7,8,0.385,255,255,255,,
Montipora capitata,HP,heated,phosphate,8/16/18,NA,7,9,0.41,255,255,255,,
Montipora capitata,HP,heated,phosphate,8/16/18,NA,8,1,0.325,255,255,255,,
Montipora capitata,HP,heated,phosphate,8/16/18,NA,8,2,0.407,255,255,255,,
Montipora capitata,HP,heated,phosphate,8/16/18,NA,8,3,0.265,255,255,255,,
Montipora capitata,HP,heated,phosphate,8/16/18,NA,8,4,0.233,255,255,255,,
Montipora capitata,HP,heated,phosphate,8/16/18,NA,8,5,0.273,255,255,255,,
Montipora capitata,HP,heated,phosphate,8/16/18,NA,8,6,0.259,255,255,255,,
Montipora capitata,HP,heated,phosphate,8/16/18,NA,8,7,0.193,255,255,255,,
Montipora capitata,HP,heated,phosphate,8/16/18,NA,8,8,0.317,255,255,255,,
Montipora capitata,HP,heated,phosphate,8/16/18,NA,8,9,0.274,255,255,255,,
Montipora capitata,HP,heated,phosphate,8/16/18,NA,8,10,0.234,255,255,255,,
Montipora capitata,HP,heated,phosphate,8/16/18,NA,9,1,0.284,255,255,255,,
Montipora capitata,HP,heated,phosphate,8/16/18,NA,9,2,0.316,255,255,255,,
Montipora capitata,HP,heated,phosphate,8/16/18,NA,9,3,0.332,255,255,255,,
Montipora capitata,HP,heated,phosphate,8/16/18,NA,9,4,0.295,255,255,255,,
Montipora capitata,HP,heated,phosphate,8/16/18,NA,9,6,0.343,255,255,255,,
Montipora capitata,HP,heated,phosphate,8/16/18,NA,9,7,0.345,143.515,50,212,,
Montipora capitata,HP,heated,phosphate,8/16/18,NA,9,8,0.327,255,255,255,,
Montipora capitata,HP,heated,phosphate,8/16/18,NA,9,9,0.278,255,255,255,,
Montipora capitata,HP,heated,phosphate,8/16/18,NA,9,10,0.341,255,255,255,,
Montipora capitata,HP,heated,phosphate,8/16/18,NA,9,12,0.327,137.132,40,206,,
Montipora capitata,HP,heated,phosphate,8/16/18,NA,10,1,0.371,255,255,255,,
Montipora capitata,HP,heated,phosphate,8/16/18,NA,10,2,0.324,255,255,255,,
Montipora capitata,HP,heated,phosphate,8/16/18,NA,10,3,0.305,122.827,36,184,,
Montipora capitata,HP,heated,phosphate,8/16/18,NA,10,4,0.487,106.974,32,169,,
Montipora capitata,HP,heated,phosphate,8/16/18,NA,10,5,0.405,130.526,41,192,,
Montipora capitata,HP,heated,phosphate,8/16/18,NA,10,6,0.081,255,255,255,,
Montipora capitata,HP,heated,phosphate,8/16/18,NA,10,7,0.347,255,255,255,,
Montipora capitata,HP,heated,phosphate,8/16/18,NA,10,9,0.306,117.639,36,182,,
Montipora capitata,HP,heated,phosphate,8/16/18,NA,10,10,0.346,255,255,255,,
Montipora capitata,HNP,heated,nitrate and phosphate,8/16/18,NA,6,1,0.28,255,255,255,,
Montipora capitata,HNP,heated,nitrate and phosphate,8/16/18,NA,6,2,0.265,255,255,255,,
Montipora capitata,HNP,heated,nitrate and phosphate,8/16/18,NA,6,3,0.267,123.701,38,179,,
Montipora capitata,HNP,heated,nitrate and phosphate,8/16/18,NA,6,4,0.294,255,255,255,,
Montipora capitata,HNP,heated,nitrate and phosphate,8/16/18,NA,6,5,0.356,255,255,255,,
Montipora capitata,HNP,heated,nitrate and phosphate,8/16/18,NA,6,9,0.442,255,255,255,,
Montipora capitata,HNP,heated,nitrate and phosphate,8/16/18,NA,6,10,0.326,255,255,255,,
Montipora capitata,HNP,heated,nitrate and phosphate,8/16/18,NA,6,11,0.25,255,255,255,,
Montipora capitata,HNP,heated,nitrate and phosphate,8/16/18,NA,6,12,0.274,255,255,255,,
Montipora capitata,HNP,heated,nitrate and phosphate,8/16/18,NA,6,13,0.419,255,255,255,,
Montipora capitata,HNP,heated,nitrate and phosphate,8/16/18,NA,7,1,0.208,255,255,255,,
Montipora capitata,HNP,heated,nitrate and phosphate,8/16/18,NA,7,2,0.315,255,255,255,,
Montipora capitata,HNP,heated,nitrate and phosphate,8/16/18,NA,7,3,0.352,255,255,255,,
Montipora capitata,HNP,heated,nitrate and phosphate,8/16/18,NA,7,4,0.384,255,255,255,,
Montipora capitata,HNP,heated,nitrate and phosphate,8/16/18,NA,7,5,0.205,255,255,255,,
Montipora capitata,HNP,heated,nitrate and phosphate,8/16/18,NA,7,6,0.293,255,255,255,,
Montipora capitata,HNP,heated,nitrate and phosphate,8/16/18,NA,7,7,0.366,139.31,43,205,,
Montipora capitata,HNP,heated,nitrate and phosphate,8/16/18,NA,7,9,0.131,255,255,255,,
Montipora capitata,HNP,heated,nitrate and phosphate,8/16/18,NA,7,10,0.103,255,255,255,,
Montipora capitata,HNP,heated,nitrate and phosphate,8/16/18,NA,7,11,0.192,255,255,255,,
Montipora capitata,HNP,heated,nitrate and phosphate,8/16/18,NA,8,1,0.404,255,255,255,,
Montipora capitata,HNP,heated,nitrate and phosphate,8/16/18,NA,8,3,0.392,255,255,255,,
Montipora capitata,HNP,heated,nitrate and phosphate,8/16/18,NA,8,4,0.332,255,255,255,,
Montipora capitata,HNP,heated,nitrate and phosphate,8/16/18,NA,8,5,0.307,255,255,255,,
Montipora capitata,HNP,heated,nitrate and phosphate,8/16/18,NA,8,6,0.202,255,255,255,,
Montipora capitata,HNP,heated,nitrate and phosphate,8/16/18,NA,8,7,0.265,255,255,255,,
Montipora capitata,HNP,heated,nitrate and phosphate,8/16/18,NA,8,8,0.392,255,255,255,,
Montipora capitata,HNP,heated,nitrate and phosphate,8/16/18,NA,8,9,0.298,255,255,255,,
Montipora capitata,HNP,heated,nitrate and phosphate,8/16/18,NA,8,11,0.163,255,255,255,,
Montipora capitata,HNP,heated,nitrate and phosphate,8/16/18,NA,8,12,0.357,119.632,25,195,,
Montipora capitata,HNP,heated,nitrate and phosphate,8/16/18,NA,9,1,0.298,161.18,45,228,,
Montipora capitata,HNP,heated,nitrate and phosphate,8/16/18,NA,9,2,0.243,255,255,255,,
Montipora capitata,HNP,heated,nitrate and phosphate,8/16/18,NA,9,3,0.306,136.543,56,186,,
Montipora capitata,HNP,heated,nitrate and phosphate,8/16/18,NA,9,4,0.284,144.128,48,203,,
Montipora capitata,HNP,heated,nitrate and phosphate,8/16/18,NA,9,6,0.397,255,255,255,,
Montipora capitata,HNP,heated,nitrate and phosphate,8/16/18,NA,9,7,0.217,255,255,255,,
Montipora capitata,HNP,heated,nitrate and phosphate,8/16/18,NA,9,10,0.34,255,255,255,,
Montipora capitata,HNP,heated,nitrate and phosphate,8/16/18,NA,9,11,0.306,129.793,47,184,,
Montipora capitata,HNP,heated,nitrate and phosphate,8/16/18,NA,9,12,0.449,255,255,255,,
Montipora capitata,HNP,heated,nitrate and phosphate,8/16/18,NA,10,1,0.478,255,255,255,,
Montipora capitata,HNP,heated,nitrate and phosphate,8/16/18,NA,10,4,0.178,255,255,255,,
Montipora capitata,HNP,heated,nitrate and phosphate,8/16/18,NA,10,5,0.202,255,255,255,,
Montipora capitata,HNP,heated,nitrate and phosphate,8/16/18,NA,10,6,0.383,255,255,255,,
Montipora capitata,HNP,heated,nitrate and phosphate,8/16/18,NA,10,7,0.362,255,255,255,,
Montipora capitata,HNP,heated,nitrate and phosphate,8/16/18,NA,10,8,0.337,255,255,255,,
Montipora capitata,HNP,heated,nitrate and phosphate,8/16/18,NA,10,9,0.33,255,255,255,,
Montipora capitata,HNP,heated,nitrate and phosphate,8/16/18,NA,10,10,0.421,120.006,37,167,,
Montipora capitata,HNP,heated,nitrate and phosphate,8/16/18,NA,10,12,0.434,119.335,46,169,,
Montipora capitata,HNP,heated,nitrate and phosphate,8/16/18,NA,10,22,0.371,133.911,47,194,,
Pocillopora acuta,Day 0,none,none,7/31/18,NA,1,1,1.034,255,255,255,843.9130435,0.223393032
Pocillopora acuta,Day 0,none,none,7/31/18,NA,1,2,0.732,255,255,255,,
Pocillopora acuta,Day 0,none,none,7/31/18,NA,1,3,0.351,255,255,255,,
Pocillopora acuta,Day 0,none,none,7/31/18,NA,1,6,1.007,255,255,255,,
Pocillopora acuta,Day 0,none,none,7/31/18,NA,1,7,0.904,255,255,255,,
Pocillopora acuta,Day 0,none,none,7/31/18,NA,1,8,0.624,255,255,255,,
Pocillopora acuta,Day 0,none,none,7/31/18,NA,1,9,0.759,255,255,255,,
Pocillopora acuta,Day 0,none,none,7/31/18,NA,1,10,0.862,255,255,255,,
Pocillopora acuta,Day 0,none,none,7/31/18,NA,1,11,0.593,255,255,255,,
Pocillopora acuta,Day 0,none,none,7/31/18,NA,1,12,0.766,255,255,255,,
Pocillopora acuta,Day 0,none,none,7/31/18,NA,2,2,1.253,255,255,255,,
Pocillopora acuta,Day 0,none,none,7/31/18,NA,2,4,1.029,255,255,255,,
Pocillopora acuta,Day 0,none,none,7/31/18,NA,2,12,1.102,255,255,255,,
Pocillopora acuta,Day 0,none,none,7/31/18,NA,2,21,1.089,255,255,255,,
Pocillopora acuta,Day 0,none,none,7/31/18,NA,2,23,0.978,255,255,255,,
Pocillopora acuta,Day 0,none,none,7/31/18,NA,2,25,0.722,255,255,255,,
Pocillopora acuta,Day 0,none,none,7/31/18,NA,2,31,0.702,255,255,255,,
Pocillopora acuta,Day 0,none,none,7/31/18,NA,2,32,0.948,255,255,255,,
Pocillopora acuta,Day 0,none,none,7/31/18,NA,2,37,0.693,255,255,255,,
Pocillopora acuta,Day 0,none,none,7/31/18,NA,3,1,0.749,255,255,255,,
Pocillopora acuta,Day 0,none,none,7/31/18,NA,3,12,0.692,255,255,255,,
Pocillopora acuta,Day 0,none,none,7/31/18,NA,3,14,0.598,255,255,255,,
Pocillopora acuta,Day 0,none,none,7/31/18,NA,3,15,1.223,251.519,0,255,,
Pocillopora acuta,AC,ambient,control,8/5/18,6,10,1,0.773,255,255,255,,
Pocillopora acuta,AC,ambient,control,8/5/18,6,10,6,0.808,255,255,255,,
Pocillopora acuta,AC,ambient,control,8/5/18,6,10,4,1.059,255,255,255,,
Pocillopora acuta,AC,ambient,control,8/5/18,6,10,21,0.69,255,255,255,,
Pocillopora acuta,AC,ambient,control,8/5/18,6,10,28,0.852,255,255,255,,
Pocillopora acuta,AC,ambient,control,8/5/18,6,10,39,0.449,255,255,255,,
Pocillopora acuta,AC,ambient,control,8/5/18,8,10,1,0.524,255,255,255,,
Pocillopora acuta,AC,ambient,control,8/5/18,8,10,2,0.623,255,255,255,,
Pocillopora acuta,AC,ambient,control,8/5/18,8,10,3,0.782,255,255,255,,
Pocillopora acuta,AC,ambient,control,8/5/18,8,10,5,0.732,255,255,255,,
Pocillopora acuta,AC,ambient,control,8/5/18,8,10,6,0.731,255,255,255,,
Pocillopora acuta,AC,ambient,control,8/5/18,8,10,8,1.011,255,255,255,,
Pocillopora acuta,AC,ambient,control,8/5/18,8,10,10,0.849,255,255,255,,
Pocillopora acuta,AC,ambient,control,8/5/18,8,10,11,0.353,255,255,255,,
Pocillopora acuta,AC,ambient,control,8/5/18,8,10,14,0.612,255,255,255,,
Pocillopora acuta,AC,ambient,control,8/5/18,8,10,21,1.224,255,255,255,,
Pocillopora acuta,AC,ambient,control,8/5/18,17,8,2,0.63,255,255,255,,
Pocillopora acuta,AC,ambient,control,8/5/18,17,8,4,0.865,255,255,255,,
Pocillopora acuta,AC,ambient,control,8/5/18,17,8,7,1.073,255,255,255,,
Pocillopora acuta,AC,ambient,control,8/5/18,17,8,9,0.787,255,255,255,,
Pocillopora acuta,AC,ambient,control,8/5/18,17,8,25,0.801,255,255,255,,
Pocillopora acuta,AC,ambient,control,8/5/18,17,8,36,0.589,255,255,255,,
Pocillopora acuta,AC,ambient,control,8/5/18,17,8,52,0.974,255,255,255,,
Pocillopora acuta,AC,ambient,control,8/5/18,17,8,55,0.522,255,255,255,,
Pocillopora acuta,AC,ambient,control,8/5/18,17,8,56,0.8,255,255,255,,
Pocillopora acuta,AC,ambient,control,8/5/18,17,8,58,0.913,255,255,255,,
Pocillopora acuta,AC,ambient,control,8/5/18,31,8,1,1.192,255,255,255,,
Pocillopora acuta,AC,ambient,control,8/5/18,31,8,12,0.98,255,255,255,,
Pocillopora acuta,AC,ambient,control,8/5/18,31,8,22,0.589,255,255,255,,
Pocillopora acuta,AC,ambient,control,8/5/18,31,8,24,0.728,255,255,255,,
Pocillopora acuta,AC,ambient,control,8/5/18,31,8,20,0.553,255,255,255,,
Pocillopora acuta,AC,ambient,control,8/5/18,31,8,77,0.49,255,255,255,,
Pocillopora acuta,AC,ambient,control,8/5/18,31,8,78,0.647,255,255,255,,
Pocillopora acuta,AC,ambient,control,8/5/18,31,8,36,1.246,255,255,255,,
Pocillopora acuta,AC,ambient,control,8/5/18,31,8,108,0.866,255,255,255,,
Pocillopora acuta,AC,ambient,control,8/5/18,31,8,109,0.755,255,255,255,,
Pocillopora acuta,AC,ambient,control,8/5/18,32,10,3,0.905,255,255,255,,
Pocillopora acuta,AC,ambient,control,8/5/18,32,10,5,0.502,255,255,255,,
Pocillopora acuta,AC,ambient,control,8/5/18,32,10,8,0.584,255,255,255,,
Pocillopora acuta,AC,ambient,control,8/5/18,32,10,9,1.013,255,255,255,,
Pocillopora acuta,AC,ambient,control,8/5/18,32,10,13,0.589,255,255,255,,
Pocillopora acuta,AC,ambient,control,8/5/18,32,10,15,0.465,255,255,255,,
Pocillopora acuta,AN,ambient,nitrate,8/5/18,23,9,1,1.084,255,255,255,,
Pocillopora acuta,AN,ambient,nitrate,8/5/18,23,9,2,0.798,255,255,255,,
Pocillopora acuta,AN,ambient,nitrate,8/5/18,23,9,4,1.201,255,255,255,,
Pocillopora acuta,AN,ambient,nitrate,8/5/18,23,9,13,0.816,255,255,255,,
Pocillopora acuta,AN,ambient,nitrate,8/5/18,23,9,17,0.578,255,255,255,,
Pocillopora acuta,AN,ambient,nitrate,8/5/18,23,9,27,0.456,255,255,255,,
Pocillopora acuta,AN,ambient,nitrate,8/5/18,23,9,26,0.865,255,255,255,,
Pocillopora acuta,AN,ambient,nitrate,8/5/18,23,9,30,0.551,255,255,255,,
Pocillopora acuta,AN,ambient,nitrate,8/5/18,23,9,31,0.623,255,255,255,,
Pocillopora acuta,AN,ambient,nitrate,8/5/18,24,10,1,0.957,255,255,255,,
Pocillopora acuta,AN,ambient,nitrate,8/5/18,24,10,4,0.567,255,255,255,,
Pocillopora acuta,AN,ambient,nitrate,8/5/18,24,10,5,0.491,255,255,255,,
Pocillopora acuta,AN,ambient,nitrate,8/5/18,24,10,6,1.128,255,255,255,,
Pocillopora acuta,AN,ambient,nitrate,8/5/18,24,10,8,0.902,255,255,255,,
Pocillopora acuta,AN,ambient,nitrate,8/5/18,24,10,9,0.869,255,255,255,,
Pocillopora acuta,AN,ambient,nitrate,8/5/18,24,10,12,1.285,255,255,255,,
Pocillopora acuta,AN,ambient,nitrate,8/5/18,24,10,13,1.037,255,255,255,,
Pocillopora acuta,AN,ambient,nitrate,8/5/18,27,9,1,0.786,255,255,255,,
Pocillopora acuta,AN,ambient,nitrate,8/5/18,27,9,2,0.872,255,255,255,,
Pocillopora acuta,AN,ambient,nitrate,8/5/18,27,9,4,1.027,255,255,255,,
Pocillopora acuta,AN,ambient,nitrate,8/5/18,27,9,5,0.715,255,255,255,,
Pocillopora acuta,AN,ambient,nitrate,8/5/18,27,9,7,0.815,255,255,255,,
Pocillopora acuta,AN,ambient,nitrate,8/5/18,27,9,10,0.391,255,255,255,,
Pocillopora acuta,AN,ambient,nitrate,8/5/18,27,9,13,0.976,255,255,255,,
Pocillopora acuta,AN,ambient,nitrate,8/5/18,34,9,1,0.926,255,255,255,,
Pocillopora acuta,AN,ambient,nitrate,8/5/18,34,9,2,0.935,255,255,255,,
Pocillopora acuta,AN,ambient,nitrate,8/5/18,34,9,3,1.182,255,255,255,,
Pocillopora acuta,AN,ambient,nitrate,8/5/18,34,9,4,0.645,255,255,255,,
Pocillopora acuta,AN,ambient,nitrate,8/5/18,34,9,5,1.009,255,255,255,,
Pocillopora acuta,AN,ambient,nitrate,8/5/18,34,9,6,0.955,255,255,255,,
Pocillopora acuta,AN,ambient,nitrate,8/5/18,34,9,9,0.75,255,255,255,,
Pocillopora acuta,AN,ambient,nitrate,8/5/18,34,9,10,0.82,255,255,255,,
Pocillopora acuta,AN,ambient,nitrate,8/5/18,40,8,1,1.911,255,255,255,,
Pocillopora acuta,AP,ambient,phosphate,8/5/18,4,7,1,0.644,255,255,255,,
Pocillopora acuta,AP,ambient,phosphate,8/5/18,4,7,2,0.674,255,255,255,,
Pocillopora acuta,AP,ambient,phosphate,8/5/18,4,7,3,0.588,255,255,255,,
Pocillopora acuta,AP,ambient,phosphate,8/5/18,4,7,4,0.642,255,255,255,,
Pocillopora acuta,AP,ambient,phosphate,8/5/18,4,7,6,0.761,255,255,255,,
Pocillopora acuta,AP,ambient,phosphate,8/5/18,7,6,1,0.694,255,255,255,,
Pocillopora acuta,AP,ambient,phosphate,8/5/18,7,6,22,0.763,255,255,255,,
Pocillopora acuta,AP,ambient,phosphate,8/5/18,7,6,8,0.695,255,255,255,,
Pocillopora acuta,AP,ambient,phosphate,8/5/18,7,6,10,0.833,255,255,255,,
Pocillopora acuta,AP,ambient,phosphate,8/5/18,7,6,11,1.578,255,255,255,,
Pocillopora acuta,AP,ambient,phosphate,8/5/18,7,6,14,0.905,255,255,255,,
Pocillopora acuta,AP,ambient,phosphate,8/5/18,7,6,15,0.759,255,255,255,,
Pocillopora acuta,AP,ambient,phosphate,8/5/18,7,6,25,0.705,255,255,255,,
Pocillopora acuta,AP,ambient,phosphate,8/5/18,7,6,23,1.361,255,255,255,,
Pocillopora acuta,AP,ambient,phosphate,8/5/18,9,6,1,0.763,255,255,255,,
Pocillopora acuta,AP,ambient,phosphate,8/5/18,9,6,2,0.452,255,255,255,,
Pocillopora acuta,AP,ambient,phosphate,8/5/18,9,6,3,0.427,255,255,255,,
Pocillopora acuta,AP,ambient,phosphate,8/5/18,9,6,4,0.558,255,255,255,,
Pocillopora acuta,AP,ambient,phosphate,8/5/18,9,6,5,0.621,255,255,255,,
Pocillopora acuta,AP,ambient,phosphate,8/5/18,9,6,6,1.1,255,255,255,,
Pocillopora acuta,AP,ambient,phosphate,8/5/18,9,6,8,0.963,255,255,255,,
Pocillopora acuta,AP,ambient,phosphate,8/5/18,9,6,11,0.898,255,255,255,,
Pocillopora acuta,AP,ambient,phosphate,8/5/18,9,6,14,0.684,255,255,255,,
Pocillopora acuta,AP,ambient,phosphate,8/5/18,18,7,1,0.738,255,255,255,,
Pocillopora acuta,AP,ambient,phosphate,8/5/18,18,7,2,0.992,255,255,255,,
Pocillopora acuta,AP,ambient,phosphate,8/5/18,18,7,3,0.961,255,255,255,,
Pocillopora acuta,AP,ambient,phosphate,8/5/18,18,7,6,2.127,255,255,255,,
Pocillopora acuta,AP,ambient,phosphate,8/5/18,18,7,10,0.4,255,255,255,,
Pocillopora acuta,AP,ambient,phosphate,8/5/18,18,7,28,0.901,255,255,255,,
Pocillopora acuta,AP,ambient,phosphate,8/5/18,18,7,29,0.671,255,255,255,,
Pocillopora acuta,AP,ambient,phosphate,8/5/18,35,7,1,0.783,255,255,255,,
Pocillopora acuta,AP,ambient,phosphate,8/5/18,35,7,2,0.945,255,255,255,,
Pocillopora acuta,AP,ambient,phosphate,8/5/18,35,7,3,0.852,255,255,255,,
Pocillopora acuta,AP,ambient,phosphate,8/5/18,35,7,4,0.7,255,255,255,,
Pocillopora acuta,AP,ambient,phosphate,8/5/18,35,7,10,0.81,255,255,255,,
Pocillopora acuta,AP,ambient,phosphate,8/5/18,35,7,22,0.821,255,255,255,,
Pocillopora acuta,AP,ambient,phosphate,8/5/18,35,7,23,0.343,255,255,255,,
Pocillopora acuta,AP,ambient,phosphate,8/5/18,35,7,26,0.808,255,255,255,,
Pocillopora acuta,AP,ambient,phosphate,8/5/18,35,7,27,0.868,255,255,255,,
Pocillopora acuta,AP,ambient,phosphate,8/5/18,35,7,29,0.683,255,255,255,,
Pocillopora acuta,ANP,ambient,nitrate and phosphate,8/5/18,14,2,1,0.717,255,255,255,,
Pocillopora acuta,ANP,ambient,nitrate and phosphate,8/5/18,14,2,10,0.549,255,255,255,,
Pocillopora acuta,ANP,ambient,nitrate and phosphate,8/5/18,14,2,12,0.825,255,255,255,,
Pocillopora acuta,ANP,ambient,nitrate and phosphate,8/5/18,14,2,25,0.683,255,255,255,,
Pocillopora acuta,ANP,ambient,nitrate and phosphate,8/5/18,14,2,27,1.319,255,255,255,,
Pocillopora acuta,ANP,ambient,nitrate and phosphate,8/5/18,14,2,32,0.843,255,255,255,,
Pocillopora acuta,ANP,ambient,nitrate and phosphate,8/5/18,14,2,38,1.493,255,255,255,,
Pocillopora acuta,ANP,ambient,nitrate and phosphate,8/5/18,14,2,40,1.079,255,255,255,,
Pocillopora acuta,ANP,ambient,nitrate and phosphate,8/5/18,16,8,5,0.918,255,255,255,,
Pocillopora acuta,ANP,ambient,nitrate and phosphate,8/5/18,16,8,9,0.661,255,255,255,,
Pocillopora acuta,ANP,ambient,nitrate and phosphate,8/5/18,16,8,11,0.634,255,255,255,,
Pocillopora acuta,ANP,ambient,nitrate and phosphate,8/5/18,16,8,12,0.848,255,255,255,,
Pocillopora acuta,ANP,ambient,nitrate and phosphate,8/5/18,16,8,13,0.676,255,255,255,,
Pocillopora acuta,ANP,ambient,nitrate and phosphate,8/5/18,16,8,14,0.967,255,255,255,,
Pocillopora acuta,ANP,ambient,nitrate and phosphate,8/5/18,16,8,16,0.903,255,255,255,,
Pocillopora acuta,ANP,ambient,nitrate and phosphate,8/5/18,16,8,19,0.728,255,255,255,,
Pocillopora acuta,ANP,ambient,nitrate and phosphate,8/5/18,19,6,1,0.864,255,255,255,,
Pocillopora acuta,ANP,ambient,nitrate and phosphate,8/5/18,19,6,8,2.641,255,255,255,,
Pocillopora acuta,ANP,ambient,nitrate and phosphate,8/5/18,19,6,9,0.622,255,255,255,,
Pocillopora acuta,ANP,ambient,nitrate and phosphate,8/5/18,19,6,18,0.653,255,255,255,,
Pocillopora acuta,ANP,ambient,nitrate and phosphate,8/5/18,19,6,20,0.598,255,255,255,,
Pocillopora acuta,ANP,ambient,nitrate and phosphate,8/5/18,20,9,2,0.949,255,255,255,,
Pocillopora acuta,ANP,ambient,nitrate and phosphate,8/5/18,20,9,3,1.955,255,255,255,,
Pocillopora acuta,ANP,ambient,nitrate and phosphate,8/5/18,20,9,4,0.862,255,255,255,,
Pocillopora acuta,ANP,ambient,nitrate and phosphate,8/5/18,20,9,5,1.008,255,255,255,,
Pocillopora acuta,ANP,ambient,nitrate and phosphate,8/5/18,20,9,6,0.781,255,255,255,,
Pocillopora acuta,ANP,ambient,nitrate and phosphate,8/5/18,36,6,2,0.748,255,255,255,,
Pocillopora acuta,ANP,ambient,nitrate and phosphate,8/5/18,36,6,9,0.819,255,255,255,,
Pocillopora acuta,ANP,ambient,nitrate and phosphate,8/5/18,36,6,12,1.126,255,255,255,,
Pocillopora acuta,ANP,ambient,nitrate and phosphate,8/5/18,36,6,13,0.75,255,255,255,,
Pocillopora acuta,ANP,ambient,nitrate and phosphate,8/5/18,36,6,18,1.043,255,255,255,,
Pocillopora acuta,ANP,ambient,nitrate and phosphate,8/5/18,36,6,19,1.088,255,255,255,,
Pocillopora acuta,ANP,ambient,nitrate and phosphate,8/5/18,36,6,20,0.628,255,255,255,,
Pocillopora acuta,ANP,ambient,nitrate and phosphate,8/5/18,36,6,28,0.539,255,255,255,,
Pocillopora acuta,ANP,ambient,nitrate and phosphate,8/5/18,36,6,36,0.915,255,255,255,,
Pocillopora acuta,HC,heated,control,8/5/18,2,3,1,0.964,255,255,255,,
Pocillopora acuta,HC,heated,control,8/5/18,2,3,2,0.499,255,255,255,,
Pocillopora acuta,HC,heated,control,8/5/18,2,3,13,0.773,255,255,255,,
Pocillopora acuta,HC,heated,control,8/5/18,2,3,12,1.161,255,255,255,,
Pocillopora acuta,HC,heated,control,8/5/18,2,3,7,0.738,255,255,255,,
Pocillopora acuta,HC,heated,control,8/5/18,2,3,16,0.804,255,255,255,,
Pocillopora acuta,HC,heated,control,8/5/18,2,3,18,0.526,255,255,255,,
Pocillopora acuta,HC,heated,control,8/5/18,2,3,20,0.507,255,255,255,,
Pocillopora acuta,HC,heated,control,8/5/18,3,4,1,1.027,255,255,255,,
Pocillopora acuta,HC,heated,control,8/5/18,3,4,4,0.78,255,255,255,,
Pocillopora acuta,HC,heated,control,8/5/18,3,4,5,1.199,255,255,255,,
Pocillopora acuta,HC,heated,control,8/5/18,3,4,6,0.935,255,255,255,,
Pocillopora acuta,HC,heated,control,8/5/18,3,4,7,1.11,255,255,255,,
Pocillopora acuta,HC,heated,control,8/5/18,5,2,1,0.8,255,255,255,,
Pocillopora acuta,HC,heated,control,8/5/18,5,2,2,0.666,255,255,255,,
Pocillopora acuta,HC,heated,control,8/5/18,5,2,15,1.159,255,255,255,,
Pocillopora acuta,HC,heated,control,8/5/18,5,2,9,1.112,255,255,255,,
Pocillopora acuta,HC,heated,control,8/5/18,5,2,19,0.641,255,255,255,,
Pocillopora acuta,HC,heated,control,8/5/18,5,2,21,0.498,255,255,255,,
Pocillopora acuta,HC,heated,control,8/5/18,5,2,22,0.69,255,255,255,,
Pocillopora acuta,HC,heated,control,8/5/18,15,2,1,0.377,255,255,255,,
Pocillopora acuta,HC,heated,control,8/5/18,15,2,2,1.143,255,255,255,,
Pocillopora acuta,HC,heated,control,8/5/18,15,2,4,1.021,255,255,255,,
Pocillopora acuta,HC,heated,control,8/5/18,15,2,5,0.627,255,255,255,,
Pocillopora acuta,HC,heated,control,8/5/18,15,2,1,1.151,255,255,255,,
Pocillopora acuta,HC,heated,control,8/5/18,15,2,2,0.638,255,255,255,,
Pocillopora acuta,HC,heated,control,8/5/18,15,2,3,0.864,255,255,255,,
Pocillopora acuta,HC,heated,control,8/5/18,15,2,4,0.632,255,255,255,,
Pocillopora acuta,HC,heated,control,8/5/18,15,2,1,0.583,255,255,255,,
Pocillopora acuta,HC,heated,control,8/5/18,15,2,2,1.107,255,255,255,,
Pocillopora acuta,HC,heated,control,8/5/18,15,2,3,0.929,255,255,255,,
Pocillopora acuta,HC,heated,control,8/5/18,28,3,1,1.516,255,255,255,,
Pocillopora acuta,HC,heated,control,8/5/18,28,3,2,1.148,255,255,255,,
Pocillopora acuta,HC,heated,control,8/5/18,28,3,4,1.819,255,255,255,,
Pocillopora acuta,HC,heated,control,8/5/18,28,3,12,1.884,255,255,255,,
Pocillopora acuta,HN,heated,nitrate,8/5/18,10,4,2,0.744,255,255,255,,
Pocillopora acuta,HN,heated,nitrate,8/5/18,10,4,3,0.784,255,255,255,,
Pocillopora acuta,HN,heated,nitrate,8/5/18,10,4,4,0.417,255,255,255,,
Pocillopora acuta,HN,heated,nitrate,8/5/18,10,4,7,1.155,255,255,255,,
Pocillopora acuta,HN,heated,nitrate,8/5/18,10,4,9,0.602,255,255,255,,
Pocillopora acuta,HN,heated,nitrate,8/5/18,10,4,11,0.767,255,255,255,,
Pocillopora acuta,HN,heated,nitrate,8/5/18,10,4,13,0.506,255,255,255,,
Pocillopora acuta,HN,heated,nitrate,8/5/18,10,4,14,0.534,255,255,255,,
Pocillopora acuta,HN,heated,nitrate,8/5/18,10,4,15,0.733,255,255,255,,
Pocillopora acuta,HN,heated,nitrate,8/5/18,10,4,22,0.624,255,255,255,,
Pocillopora acuta,HN,heated,nitrate,8/5/18,29,5,1,0.704,255,255,255,,
Pocillopora acuta,HN,heated,nitrate,8/5/18,29,5,2,0.936,255,255,255,,
Pocillopora acuta,HN,heated,nitrate,8/5/18,29,5,3,0.857,255,255,255,,
Pocillopora acuta,HN,heated,nitrate,8/5/18,29,5,8,0.909,255,255,255,,
Pocillopora acuta,HN,heated,nitrate,8/5/18,29,5,19,0.758,255,255,255,,
Pocillopora acuta,HN,heated,nitrate,8/5/18,29,5,28,0.738,255,255,255,,
Pocillopora acuta,HN,heated,nitrate,8/5/18,29,5,38,0.578,255,255,255,,
Pocillopora acuta,HN,heated,nitrate,8/5/18,29,5,45,0.776,255,255,255,,
Pocillopora acuta,HN,heated,nitrate,8/5/18,33,5,1,0.9,255,255,255,,
Pocillopora acuta,HN,heated,nitrate,8/5/18,33,5,2,0.934,255,255,255,,
Pocillopora acuta,HN,heated,nitrate,8/5/18,33,5,3,0.681,255,255,255,,
Pocillopora acuta,HN,heated,nitrate,8/5/18,33,5,4,0.693,255,255,255,,
Pocillopora acuta,HN,heated,nitrate,8/5/18,33,5,7,0.833,255,255,255,,
Pocillopora acuta,HN,heated,nitrate,8/5/18,33,5,10,0.946,255,255,255,,
Pocillopora acuta,HN,heated,nitrate,8/5/18,33,5,27,1.173,255,255,255,,
Pocillopora acuta,HN,heated,nitrate,8/5/18,33,5,67,0.877,255,255,255,,
Pocillopora acuta,HN,heated,nitrate,8/5/18,38,1,1,0.678,255,255,255,,
Pocillopora acuta,HN,heated,nitrate,8/5/18,38,1,2,2.256,255,255,255,,
Pocillopora acuta,HN,heated,nitrate,8/5/18,39,2,1,1.806,255,255,255,,
Pocillopora acuta,HP,heated,phosphate,8/5/18,1,2,1,1.703,255,255,255,,
Pocillopora acuta,HP,heated,phosphate,8/5/18,1,2,2,0.877,255,255,255,,
Pocillopora acuta,HP,heated,phosphate,8/5/18,1,2,3,0.884,255,255,255,,
Pocillopora acuta,HP,heated,phosphate,8/5/18,1,2,4,0.856,255,255,255,,
Pocillopora acuta,HP,heated,phosphate,8/5/18,1,2,6,0.71,255,255,255,,
Pocillopora acuta,HP,heated,phosphate,8/5/18,1,2,8,0.628,255,255,255,,
Pocillopora acuta,HP,heated,phosphate,8/5/18,1,2,9,0.872,255,255,255,,
Pocillopora acuta,HP,heated,phosphate,8/5/18,1,2,11,0.66,255,255,255,,
Pocillopora acuta,HP,heated,phosphate,8/5/18,11,3,1,0.781,255,255,255,,
Pocillopora acuta,HP,heated,phosphate,8/5/18,11,3,2,0.512,255,255,255,,
Pocillopora acuta,HP,heated,phosphate,8/5/18,11,3,6,1.023,255,255,255,,
Pocillopora acuta,HP,heated,phosphate,8/5/18,11,3,7,0.736,255,255,255,,
Pocillopora acuta,HP,heated,phosphate,8/5/18,11,3,10,1.083,255,255,255,,
Pocillopora acuta,HP,heated,phosphate,8/5/18,11,3,1,0.805,255,255,255,,
Pocillopora acuta,HP,heated,phosphate,8/5/18,11,3,3,0.868,255,255,255,,
Pocillopora acuta,HP,heated,phosphate,8/5/18,11,3,5,0.646,255,255,255,,
Pocillopora acuta,HP,heated,phosphate,8/5/18,11,3,7,0.747,255,255,255,,
Pocillopora acuta,HP,heated,phosphate,8/5/18,13,3,1,0.803,255,255,255,,
Pocillopora acuta,HP,heated,phosphate,8/5/18,13,3,3,1.17,255,255,255,,
Pocillopora acuta,HP,heated,phosphate,8/5/18,13,3,10,0.552,255,255,255,,
Pocillopora acuta,HP,heated,phosphate,8/5/18,13,3,15,1.186,255,255,255,,
Pocillopora acuta,HP,heated,phosphate,8/5/18,30,5,1,0.983,255,255,255,,
Pocillopora acuta,HP,heated,phosphate,8/5/18,30,5,2,0.915,255,255,255,,
Pocillopora acuta,HP,heated,phosphate,8/5/18,30,5,4,1.341,255,255,255,,
Pocillopora acuta,HP,heated,phosphate,8/5/18,30,5,5,0.948,255,255,255,,
Pocillopora acuta,HP,heated,phosphate,8/5/18,30,5,8,1.004,255,255,255,,
Pocillopora acuta,HNP,heated,nitrate and phosphate,8/5/18,12,4,3,1.462,255,255,255,,
Pocillopora acuta,HNP,heated,nitrate and phosphate,8/5/18,12,4,4,0.945,255,255,255,,
Pocillopora acuta,HNP,heated,nitrate and phosphate,8/5/18,12,4,5,0.61,255,255,255,,
Pocillopora acuta,HNP,heated,nitrate and phosphate,8/5/18,12,4,6,0.696,255,255,255,,
Pocillopora acuta,HNP,heated,nitrate and phosphate,8/5/18,21,1,1,1.004,255,255,255,,
Pocillopora acuta,HNP,heated,nitrate and phosphate,8/5/18,21,1,4,1.037,255,255,255,,
Pocillopora acuta,HNP,heated,nitrate and phosphate,8/5/18,21,1,19,0.97,255,255,255,,
Pocillopora acuta,HNP,heated,nitrate and phosphate,8/5/18,21,1,22,0.645,255,255,255,,
Pocillopora acuta,HNP,heated,nitrate and phosphate,8/5/18,22,,1,0.279,255,255,255,,
Pocillopora acuta,HNP,heated,nitrate and phosphate,8/5/18,22,,5,0.752,255,255,255,,
Pocillopora acuta,HNP,heated,nitrate and phosphate,8/5/18,22,,9,1.168,255,255,255,,
Pocillopora acuta,HNP,heated,nitrate and phosphate,8/5/18,22,,13,0.81,255,255,255,,
Pocillopora acuta,HNP,heated,nitrate and phosphate,8/5/18,22,,21,1.123,255,255,255,,
Pocillopora acuta,HNP,heated,nitrate and phosphate,8/5/18,22,,22,0.651,255,255,255,,
Pocillopora acuta,HNP,heated,nitrate and phosphate,8/5/18,22,,25,0.59,255,255,255,,
Pocillopora acuta,HNP,heated,nitrate and phosphate,8/5/18,22,,26,0.469,255,255,255,,
Pocillopora acuta,HNP,heated,nitrate and phosphate,8/5/18,22,,32,0.768,255,255,255,,
Pocillopora acuta,HNP,heated,nitrate and phosphate,8/5/18,25,1,1,0.676,255,255,255,,
Pocillopora acuta,HNP,heated,nitrate and phosphate,8/5/18,25,1,2,1.233,255,255,255,,
Pocillopora acuta,HNP,heated,nitrate and phosphate,8/5/18,25,1,7,1.12,255,255,255,,
Pocillopora acuta,HNP,heated,nitrate and phosphate,8/5/18,25,1,9,0.662,255,255,255,,
Pocillopora acuta,HNP,heated,nitrate and phosphate,8/5/18,25,1,10,0.825,255,255,255,,
Pocillopora acuta,HNP,heated,nitrate and phosphate,8/5/18,25,1,18,0.777,255,255,255,,
Pocillopora acuta,HNP,heated,nitrate and phosphate,8/5/18,25,1,16,1.172,255,255,255,,
Pocillopora acuta,HNP,heated,nitrate and phosphate,8/5/18,25,1,17,0.616,255,255,255,,
Pocillopora acuta,HNP,heated,nitrate and phosphate,8/5/18,25,1,20,1.162,255,255,255,,
Pocillopora acuta,HNP,heated,nitrate and phosphate,8/5/18,37,1,1,1.461,255,255,255,,
Pocillopora acuta,HNP,heated,nitrate and phosphate,8/5/18,37,1,2,1.035,255,255,255,,
Pocillopora acuta,HNP,heated,nitrate and phosphate,8/5/18,37,1,4,1.263,255,255,255,,
Pocillopora acuta,HNP,heated,nitrate and phosphate,8/5/18,37,1,5,0.939,255,255,255,,